Question Scope,EN VQA_GPT,EN VQA_M3AE,EN QA_GPT,DE VQA_GPT,DE VQA_M3AE,DE QA_GPT,ZH VQA_GPT,ZH VQA_M3AE,ZH QA_GPT
IMAGE-SINGLE-1,0.2,0.2,0.2,0.4,0.2,0.3,0.5,0.2,0.2
IMAGE-SINGLE-2,0.0,0.2,0.1,0.2,0.2,0.1,0.2,0.4,0.3
MULTIMODAL-SINGLE,0.9,0.6,0.6,0.8,0.8,0.4,0.4,0.4,0.4
Overall,0.36666666666666664,0.3333333333333333,0.3,0.4666666666666667,0.4,0.26666666666666666,0.36666666666666664,0.3333333333333333,0.3
